{"cameraMode":{"drawMode":0,"name":"Shaded","section":"Shading Mode"},"sceneLighting":false,"audioPlay":false,"sceneViewState":{"m_AlwaysRefresh":true,"showFog":true,"showSkybox":false,"showFlares":true,"showImageEffects":true,"showParticleSystems":true,"showVisualEffectGraphs":true,"m_FxEnabled":true},"in2DMode":false,"pivot":{"x":-1.0726046562194825,"y":-1.1744306087493897,"z":0.48522818088531496},"rotation":{"x":0.09978921711444855,"y":-0.6911393404006958,"z":0.09727873653173447,"w":0.7091970443725586},"size":2.5318000316619875,"orthographic":false}